Datetime,Water Level (m)
2025-05-17 00:00:00,0.67752177
2025-05-17 01:00:00,0.640544
2025-05-17 02:00:00,0.48230883
2025-05-17 03:00:00,0.28422654
2025-05-17 04:00:00,0.065856725
2025-05-17 05:00:00,-0.12819253
2025-05-17 06:00:00,-0.27909708
2025-05-17 07:00:00,-0.40585083
2025-05-17 08:00:00,-0.45271283
2025-05-17 09:00:00,-0.09315161
2025-05-17 10:00:00,0.31649512
2025-05-17 11:00:00,0.7467318
2025-05-17 12:00:00,1.1031673
2025-05-17 13:00:00,1.2186831
2025-05-17 14:00:00,1.140399
2025-05-17 15:00:00,0.87218446
2025-05-17 16:00:00,0.6013077
2025-05-17 17:00:00,0.32409155
2025-05-17 18:00:00,0.08851433
2025-05-17 19:00:00,-0.071583435
2025-05-17 20:00:00,-0.20553614
2025-05-17 21:00:00,-0.2599223
2025-05-17 22:00:00,-0.03179807
2025-05-17 23:00:00,0.2854325
2025-05-18 00:00:00,0.6085549
2025-05-18 01:00:00,0.8128354
2025-05-18 02:00:00,0.80044794
2025-05-18 03:00:00,0.61678314
2025-05-18 04:00:00,0.3841258
2025-05-18 05:00:00,0.15929107
2025-05-18 06:00:00,-0.022332631
2025-05-18 07:00:00,-0.17051934
2025-05-18 08:00:00,-0.28139582
2025-05-18 09:00:00,-0.19270994
2025-05-18 10:00:00,0.2047013
2025-05-18 11:00:00,0.55254805
2025-05-18 12:00:00,0.99720347
2025-05-18 13:00:00,1.2510101
2025-05-18 14:00:00,1.3540757
2025-05-18 15:00:00,1.2315769
2025-05-18 16:00:00,0.9489444
2025-05-18 17:00:00,0.66936475
2025-05-18 18:00:00,0.3880528
2025-05-18 19:00:00,0.16324739
2025-05-18 20:00:00,-0.0023120565
2025-05-18 21:00:00,-0.13970606
2025-05-18 22:00:00,-0.21129316
2025-05-18 23:00:00,-0.045208786
2025-05-19 00:00:00,0.26918665
2025-05-19 01:00:00,0.5709664
2025-05-19 02:00:00,0.77058166
2025-05-19 03:00:00,0.7806364
2025-05-19 04:00:00,0.6270662
2025-05-19 05:00:00,0.4098329
2025-05-19 06:00:00,0.19755422
2025-05-19 07:00:00,0.017834289
2025-05-19 08:00:00,-0.12757327
2025-05-19 09:00:00,-0.22847325
2025-05-19 10:00:00,-0.1378709
2025-05-19 11:00:00,0.21551898
2025-05-19 12:00:00,0.5537418
2025-05-19 13:00:00,0.95819616
2025-05-19 14:00:00,1.1912838
2025-05-19 15:00:00,1.2658945
2025-05-19 16:00:00,1.1290987
2025-05-19 17:00:00,0.8672634
2025-05-19 18:00:00,0.60757864
2025-05-19 19:00:00,0.34717995
2025-05-19 20:00:00,0.1473792
2025-05-19 21:00:00,-0.010092682
2025-05-19 22:00:00,-0.14789513
2025-05-19 23:00:00,-0.21286923
2025-05-20 00:00:00,-0.013765089
2025-05-20 01:00:00,0.3124772
2025-05-20 02:00:00,0.62869203
2025-05-20 03:00:00,0.85746145
2025-05-20 04:00:00,0.90822667
2025-05-20 05:00:00,0.7826624
2025-05-20 06:00:00,0.5620892
2025-05-20 07:00:00,0.3458097
2025-05-20 08:00:00,0.15091608
2025-05-20 09:00:00,-0.0020430102
2025-05-20 10:00:00,-0.11246275
2025-05-20 11:00:00,-0.09270151
2025-05-20 12:00:00,0.19211732
2025-05-20 13:00:00,0.5074065
2025-05-20 14:00:00,0.8868863
2025-05-20 15:00:00,1.1453297
2025-05-20 16:00:00,1.2474804
2025-05-20 17:00:00,1.1528953
2025-05-20 18:00:00,0.9048426
2025-05-20 19:00:00,0.64568025
2025-05-20 20:00:00,0.38525704
2025-05-20 21:00:00,0.17839532
2025-05-20 22:00:00,0.013807808
2025-05-20 23:00:00,-0.12872376
2025-05-21 00:00:00,-0.20850585
2025-05-21 01:00:00,-0.03992805
2025-05-21 02:00:00,0.30461544
2025-05-21 03:00:00,0.64551765
2025-05-21 04:00:00,0.9195646
2025-05-21 05:00:00,1.0243492
2025-05-21 06:00:00,0.9516649
2025-05-21 07:00:00,0.7349551
2025-05-21 08:00:00,0.5084975
2025-05-21 09:00:00,0.2846685
2025-05-21 10:00:00,0.1030707
2025-05-21 11:00:00,-0.037235055
2025-05-21 12:00:00,-0.10088536
2025-05-21 13:00:00,0.11581128
2025-05-21 14:00:00,0.439951
2025-05-21 15:00:00,0.79713744
2025-05-21 16:00:00,1.0996641
2025-05-21 17:00:00,1.2150071
2025-05-21 18:00:00,1.1477547
2025-05-21 19:00:00,0.9097189
2025-05-21 20:00:00,0.6582895
2025-05-21 21:00:00,0.39987966
2025-05-21 22:00:00,0.18630043
2025-05-21 23:00:00,0.010007841
2025-05-22 00:00:00,-0.14475286
2025-05-22 01:00:00,-0.25278658
2025-05-22 02:00:00,-0.095279895
2025-05-22 03:00:00,0.29993737
2025-05-22 04:00:00,0.6648343
2025-05-22 05:00:00,1.0038189
2025-05-22 06:00:00,1.1279942
2025-05-22 07:00:00,1.0597811
2025-05-22 08:00:00,0.8218567
2025-05-22 09:00:00,0.5811181
2025-05-22 10:00:00,0.33666837
2025-05-22 11:00:00,0.14136812
2025-05-22 12:00:00,-0.015907845
2025-05-22 13:00:00,-0.13080886
2025-05-22 14:00:00,-0.024535818
2025-05-22 15:00:00,0.3497002
2025-05-22 16:00:00,0.6955626
2025-05-22 17:00:00,1.0587684
2025-05-22 18:00:00,1.209833
2025-05-22 19:00:00,1.1729363
2025-05-22 20:00:00,0.93331885
2025-05-22 21:00:00,0.6690429
2025-05-22 22:00:00,0.40115693
2025-05-22 23:00:00,0.17861934
2025-05-23 00:00:00,-0.0038548636
